modern/concrete_1.jpg	3.jpg
modern/facade_1.jpg	4.jpg
modern/window_1.jpg	5.jpg
modern/metal_1.jpg	6.jpg
modern/glass-band_1.jpg	7.jpg
modern/door_1.jpg	8.jpg
modern/balcony_1.jpg	9.jpg
modern/pipe_1.jpg	10.jpg
modern/roof_1.jpg	11.jpg
modern/antenna_1.jpg	12.jpg
modern/screen_1.jpg	13.jpg
modern/neon_1.jpg	14.jpg
modern/beacon_1.jpg	15.jpg
fifties/glass-band_1.jpg	16.jpg
fifties/facade_1.jpg	17.jpg
fifties/window_1.jpg	18.jpg
fifties/door_1.jpg	19.jpg
fifties/balcony_1.jpg	20.jpg
fifties/concrete_1.jpg	21.jpg
fifties/metal_1.jpg	22.jpg
fifties/pipe_1.jpg	23.jpg
fifties/antenna_1.jpg	24.jpg
fifties/roof_1.jpg	25.jpg
fifties/screen_1.jpg	26.jpg
fifties/neon_1.jpg	27.jpg
fifties/beacon_1.jpg	28.jpg
cyber/glass-band_1.jpg	29.jpg
cyber/facade_1.jpg	30.jpg
cyber/door_1.jpg	31.jpg
cyber/window_1.jpg	32.jpg
cyber/balcony_1.jpg	33.jpg
cyber/concrete_1.jpg	34.jpg
cyber/pipe_1.jpg	35.jpg
cyber/metal_1.jpg	36.jpg
cyber/roof_1.jpg	37.jpg
cyber/antenna_1.jpg	38.jpg
cyber/neon_1.jpg	39.jpg
cyber/screen_1.jpg	40.jpg
cyber/beacon_1.jpg	41.jpg
